gene,ref_rank,screen_direction,therapeutic_action,confidence,layers_concordant,agrees_with_screen,mechanistic_rationale,primary_inconsistency,repurposing_note
IL4R,1,brake_agonize,antagonize,high,4,no,"Knockdown raised the pro-inflammatory program (signed_z=6.73, FDR=0, strong knockdown efficacy), indicating IL4R normally restrains the program, but IL4R/IL4Rα signaling drives Th2 allergic inflammation in asthma per strong OT genetics (0.74), so blocking the receptor (as dupilumab does) is the validated clinical strategy.","Screen direction call ('brake_agonize') is nominally at odds with therapeutic reality: IL4R blockade (antagonism), not agonism, is the approved/effective strategy in asthma, implying the CD4+ T-cell screen readout of 'pro-inflammatory program' may not map onto the same pathway axis as clinical IL4R antagonism.","Dupilumab (anti-IL4Rα mAb) already approved and at max clinical stage 4 for asthma/atopic dermatitis; this is a repurposing/validation case, not a novel target."
IL6R,7,driver_antagonize,antagonize,high,4,yes,"Knockdown significantly lowers the pro-inflammatory program (z=-4.13, FDR=0.002), strong RA genetics (OT=0.74), clinically precedented druggable surface receptor (antibody/biologic) — all layers align with driver/antagonize, consistent with approved tocilizumab/sarilumab mechanism.","none - this is a validated, already-drugged target (5 existing drugs incl. approved), so this is confirmatory rather than a novel discovery.","IL6R monoclonal antibodies already approved (tocilizumab, sarilumab) for RA and other autoimmune indications; could inform biomarker-guided repositioning or dose optimization rather than new drug development."
SRP54,21,driver_antagonize,antagonize,low,2,yes,"Screen shows robust driver signal (z=-4.47, FDR=0.001) and gene is druggable/tractable, but top OT association is severe congenital neutropenia (a Mendelian LoF disease phenocopying loss-of-function), not autoimmunity, making antagonism potentially contraindicated.","LoF-constrained gene whose top disease link is congenital neutropenia caused by SRP54 LoF/haploinsufficiency—antagonizing SRP54 pharmacologically could risk neutropenia-like toxicity, the opposite of a safe therapeutic strategy, despite genetics_tier being labeled 'strong' for an autoimmune indication.","novel - no existing drug (SRP54, part of signal recognition particle/secretory pathway, has no approved ligands; small-molecule tractability claimed but unprecedented target)"
NF1,22,driver_antagonize,antagonize,low,2,yes,"Screen shows strong significant driver signal (z=-4.37, FDR=0.001) but genetics top hit is neurofibromatosis/JMML (RAS-pathway tumor suppressor), not a genuine autoimmune association, weakening disease relevance.","NF1 is a classic tumor-suppressor RAS-GAP whose top genetic association is neurofibromatosis/JMML (loss-of-function causes cancer predisposition), so pharmacologically antagonizing it for autoimmune indications is mechanistically risky and the autoimmune genetic score (0.77, JMML) reflects a myeloid neoplasm rather than a typical autoimmune trait.","novel - no existing drug; NF1 is generally viewed as undruggable RAS-GAP loss target, and small-molecule antagonism strategy is unprecedented (MEK inhibitors used downstream in NF1-mutant tumors, not as agonists/antagonists of NF1 itself)"
SUOX,26,driver_antagonize,antagonize,low,2,yes,"Screen shows strong significant driver signal (z=-4.16, FDR=0.001) and small-molecule tractability, but top genetic association is Mendelian sulfite oxidase deficiency (0.83) not autoimmunity (asthma only 0.56), and gene is not LoF-constrained.","Strongest population genetics signal is for an unrelated monogenic metabolic disease (isolated sulfite oxidase deficiency), while the autoimmune-relevant association (asthma) is much weaker, raising doubt that inhibiting SUOX is safe or mechanistically tied to the inflammatory program versus a general metabolic/oxidative stress effect.","novel - no existing drug (0 known compounds, undrugged despite sm_tractable classification)"
SPPL3,29,brake_agonize,,low,2,no,"Knockdown raises the pro-inflammatory program (signed z=4.5, FDR=0.001) indicating SPPL3 is a brake, but genetics support is weak for autoimmunity (allergic rhinitis score 0.3; top disease is neurodegenerative, score 0.37) and no existing drugs exist to build on.","Strong causal screen signal is not matched by strong autoimmune-specific genetics (top OT association is neurodegenerative disease, not autoimmune), and protein_class is missing/NaN despite an ab_tractable call, undermining confidence in the druggability layer.","novel - no existing drug; SPPL3 is an intramembrane aspartyl protease (GxGD-type) regulating glycosylation via shedding of glycosyltransferases, so a biologic/antibody targeting its surface-exposed substrates or an enzyme-directed small molecule would be a novel modality with no direct precedent."
CEPT1,41,brake_agonize,,low,2,no,"Screen shows knockdown raises pro-inflammatory program (z=4.22, FDR=0.002) supporting a brake/agonize hypothesis, but genetics is dominated by neurodegenerative disease (0.35) with only weak autoimmune signal (Hashimoto 0.21), and protein class is undefined despite sm_tractable flag.","Top disease association is neurodegenerative (not autoimmune), and protein_class is missing/NaN, undermining confidence that this is a coherent, mechanistically-grounded autoimmune target despite the strong screen signal.",novel - no existing drug (CEPT1/choline/ethanolamine phosphotransferase 1 is an uncommon target; no chemical matter reported)
ACAP1,61,brake_agonize,agonize,low,2,yes,"Screen shows robust brake signal (z=4.27, FDR=0.001) supporting agonism, and genetics/tractability flag it as ab-tractable, but knockdown_efficacy is oddly negative (-15.36) and protein_class is missing/NaN, undermining mechanistic clarity.","Genetics tier is ""strong"" but top disease association is hypothyroidism (0.45) not the autoimmune indication of interest, and the autoimmune (T1D) score is only 0.34 with unclear relevance to a CD4+ T-cell inflammatory program; also protein_class is NaN despite claimed ab-tractability, and negative knockdown efficacy raises data-quality concern.","novel - no existing drug (n_existing_drugs=0, max_drug_stage null); would require de novo antibody/biologic given surface modality suggestion and undefined protein class."
CYLD,68,brake_agonize,,low,2,no,"Knockdown raises the pro-inflammatory program (z=3.56, FDR=0.018) marking CYLD a brake, but its known role as a deubiquitinase restraining NF-κB via agonism is mechanistically awkward for small-molecule activation, and genetics is dominated by an unrelated Mendelian tumor syndrome rather than autoimmune signal (autoimmune score only 0.47).","Top disease association (Brooke-Spiegler syndrome, score 0.75) is a non-immune skin tumor syndrome, not the autoimmune indication of interest, and CYLD's deubiquitinase mechanism is not readily agonizable by conventional small molecules despite the tractability tag.","novel - no existing drug; CYLD is a deubiquitinase (DUB), and DUB activators are an immature/underdeveloped modality class overall."
MTX1,69,brake_agonize,agonize,low,2,yes,"Screen shows knockdown raises inflammatory program (brake, FDR 0.001) supporting agonism, but genetics tie mainly to gastric carcinoma not autoimmunity (MS score only 0.24) and protein class is unresolved.","Top disease association is gastric carcinoma (score 0.44), not autoimmune disease; autoimmune (MS) score is weak (0.24), so genetics don't clearly support an autoimmune indication despite the screen direction.","novel - no existing drug; MTX1 (metaxin-1, mitochondrial outer membrane protein) lacks characterized ligands/agonists, and suggested antibody/biologic modality is unusual for an intracellular mitochondrial protein, raising feasibility doubt."
BCL3,80,driver_antagonize,antagonize,low,2,yes,"Screen shows strong, significant driver signal (z=-5.83, FDR=0, high knockdown efficacy) and target is sm_tractable/druggable, but genetics shows no autoimmune association (score=0.0) and top disease is neurodegenerative, undermining indication fit.","Robust screen-based driver call and druggability are not supported by population genetics: OT_autoimmune_score is 0.0 and top genetic association is neurodegenerative disease, not autoimmune/inflammatory.","novel - no existing drug (BCL3 is undrugged, n_existing_drugs=0, protein class unspecified/NaN limiting mechanistic tractability assessment)"
SYNE2,87,driver_antagonize,antagonize,low,2,yes,"Screen shows significant driver signal (z=-3.74, FDR=0.008) supporting antagonism, but genetics tie SYNE2 to Emery-Dreifuss muscular dystrophy (score 0.65) not autoimmune disease (score 0.0), undermining indication-specific rationale.","Strong genetic constraint and disease association are for a structural muscular dystrophy, not any autoimmune/inflammatory disease, so genetics do not corroborate the immune-driver hypothesis despite the significant screen effect.","novel - no existing drug (n_existing_drugs=0, undrugged nuclear envelope/nesprin-2 protein; small-molecule tractability flagged but protein class unspecified)"
SULF2,88,brake_agonize,agonize,low,2,yes,"Knockdown raises the pro-inflammatory program (signed_z 3.97, FDR 0.004) supporting a brake/agonize hypothesis, and it's ab-tractable, but genetics show no autoimmune association (score 0.0) and top hit is osteoarthritis, not autoimmune disease.","Strong genetics tier is driven by an osteoarthritis association, not autoimmune/inflammatory disease (OT_autoimmune_score=0.0), so population genetics does not support an autoimmune indication despite the screen signal.","novel - no existing drug (n_existing_drugs=0, undrugged target; SULF2 is an extracellular sulfatase modulating heparan sulfate-growth factor signaling, no established agonist biologic exists)"
MFSD12,89,driver_antagonize,,low,2,no,"Screen shows strong, significant driver signal (z=-4.29, FDR=0.001) supporting antagonism, and ab-tractable modality exists, but genetics is weak for autoimmunity (Crohn score 0.23, top hit is precordial pain not immune-related) and protein class is unknown.","Population genetics does not converge on an autoimmune indication (top OT association is 'precordial pain', autoimmune score only 0.23) despite a robust screen phenotype, and protein class/mechanism is undefined (NaN), undermining confidence in a coherent druggable hypothesis.","novel - no existing drug; MFSD12 is an uncharacterized MFS-family transporter with no approved ligands, would require de novo antibody/biologic development against a surface epitope."
SMS,93,brake_agonize,agonize,low,2,yes,"Knockdown strongly raises the inflammatory program (signed z=7.36, FDR=0) indicating SMS is a brake, and layer3 flags small-molecule tractability, but genetics is only moderate with weak autoimmune linkage (score 0.34) and top association is a neurodevelopmental syndrome, not autoimmune disease, and it's not LoF-constrained.","Top disease genetics signal (Snyder-Robinson syndrome, score 0.81) is unrelated to autoimmunity, while the autoimmune-specific score is weak (0.34), so population genetics does not corroborate the screen's inflammatory-brake hypothesis.","novel - no existing drug (SMS/spermine synthase inhibitors are largely tool compounds; no approved agents, n_existing_drugs=0)"
NUDT3,94,driver_antagonize,antagonize,low,2,yes,"Screen shows robust driver signal (signed z=-3.82, FDR=0.004) and small-molecule tractability, but top genetic association is neurodegenerative disease (0.45) with only weak autoimmune linkage (Graves 0.30) and no LoF constraint.","Layer2 genetics is strong but for the wrong indication (neurodegeneration, not autoimmune), and OT_autoimmune_score (0.30) is weak, undermining disease-relevance for an autoimmune/inflammatory hypothesis despite the clean screen phenotype.","novel - no existing drug (novelty_class: novel_undrugged, n_existing_drugs=0); would require de novo small-molecule campaign against NUDT3 (a Nudix hydrolase family member) with no chemical starting point."
SLC25A24,108,driver_antagonize,antagonize,low,2,yes,"Strong significant driver signal (z=-4.36, FDR=0.002) and ab_tractable transporter support antagonism, but genetics tie only to Fontaine progeroid syndrome (score 0.79) with zero autoimmune association and no LoF constraint, undermining disease relevance.","Robust screen effect and druggability are not backed by any autoimmune genetic association (OT_autoimmune_score=0.0); top genetic hit is an unrelated rare progeroid syndrome, so causal and genetic layers point to different indications.","novel - no existing drug (n_existing_drugs=0); as a mitochondrial ATP-Mg/Pi carrier (SLC25A24), could potentially build on prior mitochondrial transporter-targeting small molecule efforts, but no direct chemical matter exists."
SMAD4,113,driver_antagonize,,low,2,no,"Screen shows significant driver signal (z=-3.47, FDR=0.023) and SMAD4 is a TF with sm_tractable rating, but top genetics association is juvenile polyposis (score 0.84) not autoimmune disease (score 0.0), undermining indication linkage.","Strong population genetics support is for a non-autoimmune (polyposis/cancer-related) phenotype, with zero autoimmune disease association, so genetics does not corroborate the autoimmune therapeutic hypothesis despite the screen's driver call.","novel - no existing drug; SMAD4 as a core TGF-beta/BMP pathway TF is undrugged and LoF-constrained, raising toxicity concern for small-molecule antagonism given its tumor-suppressor role."
RAD51B,116,brake_agonize,uncertain,low,2,uncertain,"Knockdown raises the pro-inflammatory program (signed z=3.55, FDR 0.018) suggesting RAD51B is a brake, but top genetics hit is cancer (0.54) not autoimmune disease (asthma only 0.42) and protein class is undefined, undercutting a clean agonize hypothesis.","RAD51B is a core homologous-recombination DNA-repair factor primarily genetically linked to cancer risk, not autoimmunity, and its protein class is unspecified (NaN), making 'agonize with small molecule' mechanistically unclear and potentially unsafe given DNA-repair biology.","novel - no existing drug (0 existing drugs, novel_undrugged class; RAD51B is not a validated small-molecule target and agonism of a recombinase-associated protein is mechanistically atypical for drug development)"
PIK3C3,119,brake_agonize,agonize,low,2,yes,"Screen shows robust brake signal (z=3.81, FDR=0.007) and PIK3C3 is sm_tractable enzyme, but genetics support is for neurodegenerative disease not autoimmune (score 0.0) and knockdown efficacy is negative, undermining directional confidence.","Strong screen/druggability signal is not matched by autoimmune genetics (OT_autoimmune_score=0.0); disease association is neurodegenerative, not inflammatory, so the population-genetics layer does not corroborate an autoimmune indication.","novel - no existing drug (PIK3C3/VPS34 inhibitors exist in oncology/autophagy research, e.g. SAR405, but none clinically approved; could repurpose autophagy-pathway small molecules as agonist-direction leads with caution)"
ZDHHC17,120,brake_agonize,agonize,low,2,yes,"Screen shows robust brake signal (signed_z=4.57, FDR=0.001, context-specific 0.72) supporting agonism, and small-molecule tractability is favorable, but genetics for autoimmune disease is weak (SLE score 0.2, moderate tier) and top OT association is neurodegenerative, not autoimmune.","Strong causal screen direction is not matched by disease genetics: autoimmune (SLE) association score is only 0.2 and the top OT disease link is neurodegenerative, not inflammatory, weakening confidence that agonizing ZDHHC17 addresses autoimmune pathology.",novel - no existing drug (ZDHHC palmitoyltransferase family is largely undrugged; no chemical starting point beyond generic zDHHC inhibitor scaffolds in early research)
OS9,121,driver_antagonize,antagonize,low,2,yes,"Screen shows robust, context-specific driver signal (z=-3.95, FDR=0.003) supporting antagonism, and antibody-tractable modality is plausible, but autoimmune genetics are weak (MS score 0.21) and top disease association is unrelated (holoprosencephaly).","Strong causal knockdown effect is not backed by meaningful autoimmune disease genetics (OT autoimmune score only 0.21, non-LoF-constrained), and protein_class is missing/undefined despite claimed ab-tractability.","novel - no existing drug (OS9 is an ER quality-control lectin/chaperone in ERAD pathway; no approved biologics target it, would require de novo antibody development)"
APBB1IP,122,driver_antagonize,,low,2,no,"Screen shows significant driver signal (z=-3.81, FDR 0.01) supporting antagonism, but genetics top hit is cancer (0.61) with autoimmune association only via unrelated Noonan syndrome (0.53), weakening disease-relevance concordance despite ab-tractable, undrugged status.","Layer2 genetics does not actually support an autoimmune/inflammatory indication - top score is for cancer and the 'autoimmune' association listed (Noonan syndrome) is not a bona fide autoimmune disease, so genetics-screen concordance for the stated indication is weak/misleading.","novel - no existing drug; APBB1IP (RIAM) is an intracellular adaptor regulating integrin activation, so despite 'antibody/biologic surface' suggestion, true druggability as a surface antibody target is questionable given its known cytoplasmic localization."
NCOA5,123,brake_agonize,agonize,low,2,yes,"Knockdown significantly raised the pro-inflammatory program (z=3.85, FDR=0.006) indicating NCOA5 is a brake, but genetic support for autoimmune disease is weak (Graves score 0.27, top hit is neurodegenerative disease) and protein class is undefined despite sm_tractable flag.","Screen direction is robust but population genetics only weakly implicates autoimmune disease (score 0.27) and top OT association is neurodegenerative disease, not inflammatory, undermining disease relevance; also protein_class is NaN despite claimed druggability.","novel - no existing drug (n_existing_drugs=0, max_drug_stage null); no known agonist chemotype for NCOA5 to build on."
BAK1,129,brake_agonize,agonize,low,2,yes,"Screen shows significant brake signal (z=3.58, FDR=0.012) supporting agonism, and small-molecule tractability exists, but the top genetic association (BCLL, score 0.45) is not autoimmune-relevant and BAK1's apoptotic role raises mechanistic concern for an agonist strategy.","Layer2 'autoimmune' association is actually B-cell CLL (a cancer, not an inflammatory/autoimmune disease), so the genetics do not truly corroborate an autoimmune indication despite being labeled 'strong' and 'autoimmune_score'.","novel - no existing drug; BAK1 is a core apoptosis effector (BCL-2 family), so agonism would need a novel activator distinct from existing BCL-2/BAK-BAX inhibitors (e.g., venetoclax targets the opposing inhibitory node)."
ITM2A,130,brake_agonize,agonize,low,2,yes,"Knockdown significantly raises the pro-inflammatory program (z=3.55, FDR=0.018) marking ITM2A as a brake, and it is surface/antibody-tractable, but disease genetics is modest and mostly non-autoimmune (top score osteoarthritis 0.38; Graves 0.32) with no LoF constraint.","Genetics support is weak/off-target for autoimmunity (top hit is osteoarthritis, autoimmune score only 0.32) despite being labeled 'strong' tier, and agonizing a surface protein therapeutically is mechanistically harder than antagonism with antibodies.","novel - no existing drug; would require agonist biologic/engineered ligand rather than standard antagonist antibody, no precedent compound identified"
FADS3,131,driver_antagonize,,low,2,no,"Strong significant driver signal (z=-3.64, FDR 0.01) and Crohn disease genetic association (score 0.31) support antagonism, but FADS3 is a lipid-metabolizing enzyme (fatty acid desaturase), not a surface/antibody-tractable target as layer3 modality suggests.","Layer3 druggability annotation (antibody/biologic, surface-tractable) is mechanistically implausible for FADS3, an intracellular ER-membrane desaturase enzyme with missing protein_class, casting doubt on the tractability call.",novel - no existing drug; small-molecule desaturase inhibitor (cf. SCD1 inhibitor chemotypes) would be a more plausible modality than antibody/biologic if enzymatic activity is confirmed.
UBE2L6,132,driver_antagonize,,low,2,no,"Screen shows robust driver signal (z=-4.02, FDR=0.002, context-specific at Stim8hr) and small-molecule tractability, but Open Targets genetics are weak/off-target (autoimmune score 0.04, top hit is smoking initiation, not LoF-constrained).","Strong causal screen direction is not supported by population genetics: autoimmune disease association score is negligible (0.04) and top genetic association (smoking initiation) is unrelated to inflammation, weakening confidence that perturbing UBE2L6 would translate to human autoimmune benefit.","novel - no existing drug; UBE2L6 (UBE2L6/UbcH8) is an ISG15-conjugating E2 enzyme in the ISGylation pathway, so any inhibitor would be a first-in-class ISGylation-pathway modulator rather than a repurposed agent."
SFRP1,137,driver_antagonize,antagonize,low,2,yes,"Screen shows robust driver signal (z=-3.67, FDR=0.006) supporting antagonism, and small-molecule tractability exists, but genetics is strong only for coronary artery disease (score 0.31) with null autoimmune association, undermining an autoimmune indication.","Strong disease genetics is for coronary artery disorder, not autoimmune/inflammatory disease (OT_autoimmune_score=0.0), so genetics does not corroborate the inflammatory screen phenotype.","novel - no existing drug (n_existing_drugs=0, undrugged; SFRP1 is a Wnt antagonist, so small-molecule or biologic modulators of Wnt signaling could be explored as a starting point)"
NCOA2,138,driver_antagonize,antagonize,low,2,yes,"Screen shows significant driver signal (z=-3.49, FDR=0.009) and NCOA2 is sm_tractable/druggable, but genetics top hit is atrial fibrillation with zero autoimmune association score, undermining disease relevance.","Strong, significant knockdown-driver phenotype in the T-cell screen is not supported by any autoimmune genetic association (OT_autoimmune_score=0.0); top disease link is atrial fibrillation, an unrelated indication.","novel - no existing drug (n_existing_drugs=0, novelty_class novel_undrugged); as a nuclear receptor coactivator/enzyme class target, could potentially build on steroid-receptor coactivator small-molecule inhibitor programs explored in oncology."
PPIF,144,brake_agonize,,low,2,no,"Screen shows knockdown raises pro-inflammatory program (signed_z=3.78, FDR=0.007) supporting brake/agonize, but genetics is weak for autoimmune (psoriasis score 0.11) and top disease association is neurodegenerative, not immune-mediated.","Strong, significant screen direction is not corroborated by autoimmune genetics (OT_autoimmune_score only 0.11; top association is neurodegenerative disease), and PPIF (cyclophilin D) agonism is mechanistically unusual since known ligands (cyclosporine A) are inhibitors, not activators.","PPIF is cyclophilin D, the classical target of cyclosporine A/sanglifehrin-class inhibitors (mitochondrial permeability transition pore); no known agonists exist, so an agonize strategy would be novel and lacks precedent."
PLEKHM1,150,driver_antagonize,antagonize,low,2,yes,"Screen shows significant driver-like knockdown effect (z=-3.79, FDR=0.007) and gene is sm_tractable/druggable, but genetics is moderate and tied only to osteopetrosis (score 0.52) with zero autoimmune disease association (score 0.0).","Strong screen signal in CD4+ T cells lacks any supporting autoimmune/inflammatory human genetics (OT_autoimmune_score=0.0); disease link is skeletal (osteopetrosis), not immune, undermining indication rationale.","novel - no existing drug (n_existing_drugs=0, protein_class unresolved/NaN, undrugged target space)"
SLC25A37,156,driver_antagonize,antagonize,low,2,yes,"Screen shows significant driver signal (z=-3.58, FDR=0.012) and transporter is ab_tractable/druggable, but top OT genetics hit is neurodegenerative disease with only weak autoimmune association (T1D score 0.29) and no LoF constraint.","Strong causal screen direction and druggability are not matched by autoimmune-specific genetics; top disease association is neurodegenerative, not inflammatory/autoimmune, weakening the disease-relevance link.",novel - no existing drug (mitochondrial iron transporter SLC25A37/mitoferrin-1; no chemical probes or approved drugs reported)
PPP2R5C,162,driver_antagonize,,low,2,no,"Screen shows significant knockdown-lowers-inflammation driver signal (z=-3.49, FDR=0.015) supporting antagonism, and sm_tractable druggability with LoF constraint, but genetics is only moderate/off-target (top hit Houge-Janssens syndrome, autoimmune score just 0.39) and protein class is unknown.","Population genetics does not support an autoimmune indication (top disease association is a developmental syndrome, not autoimmune; autoimmune score weak at 0.39), so causal screen direction and human genetics diverge on indication relevance.","novel - no existing drug (PP2A regulatory subunit B56-gamma; no chemical probes or approved agents reported, n_existing_drugs=0)"
EDEM3,165,driver_antagonize,antagonize,low,2,yes,"Screen shows significant driver signal (z=-3.45, FDR=0.01) supporting knockdown, but genetics strongly implicates a glycosylation disorder (0.78) rather than autoimmunity (SLE score only 0.3), weakening disease relevance.","Strong population genetics is for a congenital glycosylation disorder, not the autoimmune indication, and EDEM3 is an ER-resident glycan-trimming enzyme, making a surface antibody/biologic modality mechanistically implausible despite the 'ab_tractable' tag.",novel - no existing drug; would require de novo small-molecule glycosidase inhibitor rather than the suggested antibody/biologic given likely intracellular ER localization
IFITM2,166,driver_antagonize,,low,2,no,"Screen shows significant driver signal (z=-3.47, FDR=0.01) and IFITM2 is antibody-tractable, but disease genetics is modest (autoimmune score 0.29, top hit hypothyroidism not a classic inflammatory indication) and not LoF-constrained.","Genetics tier labeled 'strong' yet actual OT scores (0.32/0.29) are low-moderate and the top association (hypothyroidism) is only loosely autoimmune, weakening the causal-genetics/screen concordance; also protein_class is missing (NaN), leaving structural rationale unclear despite 'is_druggable=true'.","novel - no existing drug (n_existing_drugs=0); IFITM proteins are typically studied as antiviral restriction factors, not prior drug targets, so any biologic would be first-in-class."
PPP1R3B,174,driver_antagonize,antagonize,low,2,yes,"Screen shows significant driver signal (z=-3.62, FDR=0.011, context-specific 0.82) supporting antagonism, but autoimmune genetics is weak (OT score 0.35, top hit is neurodegenerative disease not autoimmune) and protein class is unknown despite sm_tractable flag.","Strong causal screen direction is not matched by autoimmune-relevant genetics (top OT association is neurodegenerative disease, autoimmune score only 0.35, not LoF constrained), and protein class is missing (NaN) despite claimed small-molecule tractability.","novel - no existing drug (n_existing_drugs=0, novelty_class novel_undrugged); no known chemotype to build on."
ARHGAP27,187,driver_antagonize,,low,2,no,"Screen shows significant driver-like knockdown effect (z=-3.4, FDR=0.012) and small-molecule tractability, but autoimmune genetic support is weak (SLE score 0.2, top OT hit is neurodegenerative disease, not LoF constrained).","Strong, significant Perturb-seq driver signal is not backed by autoimmune-specific genetics (OT autoimmune score only 0.2; top disease association is neurodegenerative, unrelated to inflammation), and protein class is unspecified (NaN) despite claimed sm_tractable/druggable status.","novel - no existing drug (n_existing_drugs=0, undrugged target; no known chemotype to build on)"
TYW5,193,driver_antagonize,antagonize,low,2,yes,"Screen shows significant driver signal (z=-3.65, FDR=0.015) but genetics is only moderate and entirely non-autoimmune (top hit schizophrenia, autoimmune score 0.0), undermining disease relevance for this indication.","Strong causal knockdown effect is not supported by any autoimmune/inflammatory genetic association (OT_autoimmune_score=0.0), so the disease link for this indication is unestablished despite the screen hit.","novel - no existing drug (n_existing_drugs=0, undrugged small-molecule tractable target)"
ATP8B2,205,brake_agonize,agonize,low,2,yes,"Knockdown raises the pro-inflammatory program (signed_z 3.5, FDR 0.009) supporting a brake/agonize call, and it is ab_tractable, but autoimmune genetic support is weak (MS score 0.26, moderate tier, not LoF constrained) and top disease association is T2D, not autoimmune.","Strong, significant screen signal is not matched by disease genetics: OT autoimmune (MS) score is only 0.26 and top-scoring disease is type 2 diabetes, not an autoimmune/inflammatory condition.","novel - no existing drug (n_existing_drugs=0, undrugged transporter; would require de novo small-molecule agonist/activator development)"
SLC44A2,206,brake_agonize,agonize,low,2,yes,"Screen shows significant brake effect (z=3.55, FDR=0.018) and transporter is ab_tractable, but genetics ties SLC44A2 to venous thromboembolism (score 0.39) with zero autoimmune association, undermining an inflammatory-disease rationale.",No autoimmune/inflammatory genetic signal (OT_autoimmune_score=0.0) despite the screen's inflammatory-program phenotype; top disease association (VTE) is mechanistically unrelated to inflammation.,novel - no existing drug (SLC44A2/CTL2 choline transporter has no approved ligands; would require de novo small-molecule agonist discovery)
MYO18A,56,brake_agonize,,low,1,no,"Screen shows strong, significant brake signal (signed z=12.14, FDR=0) supporting agonism, but genetics is only moderate and top disease association is cancer/CML (score 0.61) not autoimmune (0.37), weakening translational fit; protein_class missing undercuts druggability confidence despite ab_tractable tag.","Genetics layer top hit is oncology (CML), not autoimmune disease, and protein_class is undefined (NaN), so the biologic/antibody modality suggestion for a likely intracellular myosin motor protein is questionable.","novel - no existing drug (0 existing drugs, undrugged target; MYO18A is an unconventional myosin, atypical target for antibody biologics given likely intracellular localization)"
TUFM,63,brake_agonize,agonize,low,1,yes,"Screen shows knockdown raises the pro-inflammatory program (signed_z=4.55, FDR=0) suggesting a brake, but top genetics hit is a mitochondrial OXPHOS defect (score 0.77) not autoimmunity (UC score only 0.3), and TUFM's core role as a mitochondrial translation factor makes selective small-molecule agonism mechanistically implausible.","Strong genetic signal is for a mitochondrial disease, not the autoimmune indication, and TUFM (mitochondrial EF-Tu) is an essential housekeeping gene, making a targeted 'agonize' therapeutic hypothesis biologically incoherent despite the clean screen direction.",novel - no existing drug; TUFM is not a validated drug target and no chemical starting point exists
PNPT1,76,brake_agonize,agonize,low,1,yes,"Screen shows knockdown raises the inflammatory program (signed z=6.12, FDR=0) suggesting PNPT1 is a brake, but genetics links it only to a mitochondrial OXPHOS disorder (score 0.81) with no autoimmune association, and PNPT1 is a mitochondrial RNA exonuclease, not a plausible antibody/biologic target despite the 'ab_tractable' tag.","Layer3 modality (antibody/biologic, surface) is mechanistically implausible for PNPT1, a mitochondrial intermembrane-space RNA-processing enzyme, and protein_class is missing (NaN), undermining druggability confidence; also no autoimmune genetics signal despite strong screen effect.","novel - no existing drug (n_existing_drugs=0, max_drug_stage=null); no repurposing candidate identified"
MYC,81,brake_agonize,uncertain,low,1,uncertain,"Screen shows MYC knockdown raises the pro-inflammatory program (signed_z 3.43, FDR 0.011) implying brake/agonize, but MYC is an LoF-constrained oncogenic TF with no autoimmune genetics (top score is Burkitt lymphoma, not an autoimmune trait) and no tractable agonist modality.","Layer2 'autoimmune' association is actually Burkitt lymphoma (oncology, not autoimmune), and MYC is a notoriously undruggable/LoF-constrained TF for which small-molecule agonism is not a realistic modality, directly conflicting with the antagonize-friendly druggability framing.","novel - no existing drug; MYC has historically resisted direct small-molecule targeting (indirect BET/CDK9 inhibitors used to suppress MYC exist, but no agonist strategy exists)"
SMIM3,95,driver_antagonize,,low,1,no,"Screen shows strong, significant driver signal (z=-5.28, FDR=0) at Stim8hr, but genetics show no autoimmune association (score 0.07, top hit is neurodegenerative disease) and protein class is unknown, undermining a coherent antagonist hypothesis.","Strong causal driver signal is not supported by disease genetics — top OT association is neurodegenerative disease (0.41) with negligible autoimmune score (0.07), and protein_class is missing/NaN despite an assigned tractability tier.",novel - no existing drug; suggested antibody/biologic modality against a surface target but no characterized protein class or ligandable domain to anchor a program
RFT1,96,driver_antagonize,,low,1,no,"Screen shows significant driver signal (z=-3.87, FDR=0.006) but RFT1 is an ER-resident flippase for N-glycosylation, not a surface antibody target, and top genetics hit is a rare Mendelian CDG, not autoimmune disease (score 0.33).","Layer3 modality (antibody/biologic-surface) is mechanistically implausible for RFT1, an intracellular ER membrane flippase essential for core glycosylation, making the suggested druggability annotation unreliable/likely mismatched to true protein class.","novel - no existing drug; also loss of RFT1 causes congenital disorder of glycosylation, raising concern that systemic antagonism could cause severe on-target toxicity given essential glycosylation role."
FAM241A,107,brake_agonize,,low,1,no,"Screen shows significant brake/agonize signal (z=3.64, FDR=0.006) but genetics scores strongly for atrial fibrillation, not autoimmune disease (score 0), leaving no genetic support for an inflammatory indication.","Strong population genetics is for a cardiac trait (atrial fibrillation) with zero autoimmune association, while the screen and modality point toward an inflammatory/autoimmune hypothesis—genetics and screen indication are mismatched, and protein class is undefined (NaN).",novel - no existing drug; antibody/biologic modality suggested but no protein class or family precedent to anchor design
METTL15,111,driver_antagonize,antagonize,low,1,yes,"Screen shows robust driver signal (z=-4.79, FDR=0) but genetics show only skeletal (not autoimmune) association (score 0.32, autoimmune score 0.0), no LoF constraint, undefined protein class, and zero existing drugs.","Strong causal knockdown-driver signal is not supported by autoimmune genetics (OT_autoimmune_score=0.0) and protein class is missing (NaN), undermining confidence this is a coherent, disease-relevant druggable node.","novel - no existing drug (n_existing_drugs=0, max_drug_stage=null); would require de novo small-molecule discovery against a mitochondrial rRNA methyltransferase-like target with unclear tractability data."
FUT8,112,brake_agonize,agonize,low,1,yes,"Screen shows robust brake signal (z=5.2, FDR=0) supporting agonism, but genetics is non-autoimmune (score 0.0), no existing drugs, and protein class unknown, undermining a coherent hypothesis.","Strong causal screen direction is not backed by autoimmune genetics (OT_autoimmune_score=0.0; top disease is a congenital glycosylation disorder, not inflammatory), and protein class is missing despite claimed small-molecule tractability.","novel - no existing drug; FUT8 (core fucosyltransferase) has no approved small-molecule inhibitors/agonists, though FUT8 inhibition is explored in oncology (afucosylated antibody engineering), not as a direct pharmacologic agonist strategy for autoimmunity."
PRKCSH,133,driver_antagonize,antagonize,low,1,yes,"Screen shows significant driver signal (z=-4.09, FDR=0.002) but genetics is non-autoimmune (score 0.0, top hit is polycystic liver disease), and PRKCSH is an ER glucosidase II subunit, not a plausible surface antibody target despite the annotation.","Suggested modality 'antibody/biologic (surface)' is mechanistically implausible for PRKCSH, an ER-luminal glucosidase II beta subunit with no known surface expression, and there is zero autoimmune genetic association despite the screen hit.",novel - no existing drug
STIM2,134,driver_antagonize,,low,1,no,"Screen shows significant driver signal (z=-4.0, FDR=0.002) supporting antagonism, but genetics is weak/off-target (top score for varicose veins, autoimmune score only 0.27) and druggability is uncertain (protein class NaN, antibody-tractable but STIM2 is an ER-resident Ca2+ sensor, not typically surface-accessible).","STIM2 is a known ER transmembrane calcium-sensing protein, not a plasma-membrane surface receptor, so the suggested antibody/biologic modality is mechanistically implausible despite the 'ab_tractable' tag; genetics also lacks strong autoimmune-specific support.","novel - no existing drug; small-molecule SOCE/STIM-ORAI pathway modulators (e.g., ORAI1 inhibitors) could be explored as an indirect pathway-based repurposing avenue rather than direct antibody targeting."
CAVIN1,136,driver_antagonize,antagonize,low,1,yes,"Screen shows strong significant driver signal (z=-4.58, FDR=0.001) but genetics only ties CAVIN1 to lipodystrophy (0.73) not autoimmunity (0.12), and druggability is a mismatch since CAVIN1 is a cytoplasmic caveolar scaffold protein, not a surface antigen suited to antibody/biologic targeting.","Suggested modality is antibody/biologic 'surface' tractable, but CAVIN1 (Cavin-1/PTRF) is an intracellular caveolae-associated scaffolding protein, making antibody accessibility biologically implausible; also autoimmune genetic association is weak (0.12) despite strong screen effect.","novel - no existing drug; would require intracellular-targeting modality (e.g., small molecule or degrader) rather than the suggested antibody/biologic approach"
PRELID1,148,driver_antagonize,antagonize,low,1,yes,"Screen shows robust driver signal (signed_z -4.28, FDR 0.002) but Open Targets autoimmune score is only 0.15 (top hit is neurodegenerative disease, 0.54), and gene is not LoF-constrained, undermining a coherent autoimmune genetics case.","Strong causal knockdown-driver signal in the T-cell screen is not supported by autoimmune-disease genetics (score 0.15); top genetic association is for an unrelated neurodegenerative indication, and protein class is undefined despite claimed small-molecule tractability.","novel - no existing drug (n_existing_drugs=0, novelty_class novel_undrugged); no known chemical starting point despite nominal small-molecule tractability."
MSH2,157,brake_agonize,agonize,low,1,yes,"Screen shows knockdown raises the inflammatory program (z=3.68, FDR=0.014) suggesting a brake, but genetics links MSH2 only to Lynch syndrome (score 0.89) with null/zero autoimmune association, undermining disease relevance.","Strong DNA-mismatch-repair disease genetics (Lynch syndrome) has no autoimmune association, and MSH2 is a core tumor-suppressor/genome-stability gene, so agonizing it for inflammation is mechanistically dubious and carries oncogenic-risk-modulation concerns.","novel - no existing drug (0 existing drugs, novel_undrugged class); MSH2 is not a validated small-molecule target and is primarily studied in DNA repair/cancer context, not immunology."
RPGRIP1L,163,driver_antagonize,,low,1,no,"Screen shows significant driver-like knockdown effect (z=-3.71, FDR=0.008) but genetics implicates only Joubert syndrome (ciliopathy) with zero autoimmune association, and RPGRIP1L is a ciliary scaffold protein, not a plausible surface antibody target.","Strong screen signal is unsupported by autoimmune genetics (OT_autoimmune_score=0.0) and conflicts with known biology (ciliary basal-body protein, not a surface receptor), casting doubt on the ab/biologic modality suggestion.",novel - no existing drug; suggested antibody modality is mechanistically implausible for an intracellular ciliary scaffold protein
NEURL1,180,brake_agonize,agonize,low,1,yes,"Screen shows significant brake signal (signed_z 3.72, FDR 0.005) but genetics has no autoimmune association (score 0.0) and only moderate atrial fibrillation link, undermining disease relevance despite ab-tractability.","Strong, significant knockdown-brake screen effect is not supported by any autoimmune genetic association (OT_autoimmune_score=0.0), and top disease hit (atrial fibrillation) is unrelated to inflammation.","novel - no existing drug (n_existing_drugs=0, undrugged target; would require de novo agonist biologic)"
PPCDC,183,brake_agonize,agonize,low,1,yes,"Screen shows knockdown raises pro-inflammatory program (brake, FDR 0.015), but genetics are weak/off-target (autoimmune score 0.16, top hit is neurodegenerative, not LoF constrained) and no known ligand exists.","Strong screen signal for agonism is not supported by population genetics, which shows only a moderate association with a neurodegenerative (not autoimmune) phenotype and a low autoimmune-specific score (0.16); protein class is unspecified (NaN) despite claimed small-molecule tractability.",novel - no existing drug (PPCDC is a phosphopantothenoylcysteine decarboxylase in the CoA biosynthesis pathway; no chemical probes or approved agonists reported)
TAF11,189,brake_agonize,agonize,low,1,yes,"Screen shows knockdown raises the pro-inflammatory program (signed z=3.38, FDR=0.012), implying TAF11 is a brake, but genetics for autoimmune disease is weak (score 0.16, top hit is HIV not autoimmune) and TAF11 is a general TFIID subunit lacking a defined druggable protein class.",Strong screen signal is not corroborated by autoimmune genetics (OT_autoimmune_score only 0.16) and TAF11 as a core transcription factor subunit is a poor/undefined small-molecule target (protein_class NaN) despite being flagged 'sm_tractable'.,"novel - no existing drug; TAF11 is a TFIID core subunit with no established small-molecule chemotypes, so any agonist strategy would be essentially de novo."
PLEK,192,brake_agonize,agonize,low,1,yes,"Screen shows knockdown raises the inflammatory program (signed z=3.69, FDR 0.013) implying PLEK is a brake, but autoimmune genetics are weak (MS score 0.30, top hit is venous thromboembolism) and modality (antibody, intracellular pleckstrin) is mismatched with agonism.","PLEK is a cytosolic pleckstrin-homology adaptor protein, not a surface receptor, so the suggested antibody/biologic modality is poorly suited to agonizing an intracellular signaling scaffold, and disease genetics for autoimmunity are only moderate/weak while the top genetic association (VTE) is unrelated to inflammation.","novel - no existing drug; no approved PLEK-targeted agents and intracellular localization limits antibody feasibility, would likely require a small-molecule or PROTAC approach instead."
RAB28,200,brake_agonize,agonize,low,1,yes,"Screen shows brake-like effect (signed z 3.47, FDR 0.023) but genetics scores are null/zero for autoimmune disease, top OT hit is cone-rod dystrophy (unrelated), and protein class is undefined despite claimed small-molecule tractability.","Strong screen signal is unsupported by autoimmune genetics (OT_autoimmune_score=0.0) and druggability layer lacks a defined protein class, undermining a coherent agonist hypothesis.","novel - no existing drug (n_existing_drugs=0, novelty_class novel_undrugged)"
STAT3,3,driver_antagonize,antagonize,medium,4,yes,"Knockdown lowers the pro-inflammatory program (z=-3.98, FDR=0.002) consistent with driver status, backed by strong autoimmune genetics (score 0.78, LoF constrained) and clinical-precedent TF druggability with an existing phase 2 agent.","Top disease association is hyper-IgE syndrome (a monogenic PID from germline LoF), not a common autoimmune trait, so the genetics signal may reflect a different biology than the acute inflammatory program captured in the screen; also STAT3 is a broadly pleiotropic TF with on-target toxicity risk (immune deficiency, malignancy surveillance) despite context_specificity of only 0.38.","STAT3 small-molecule/antisense inhibitors already in clinical development (e.g., napabucasin, TTI-101, danvatirsen) could be repositioned for autoimmune/inflammatory indications pending selectivity and safety assessment."
STAT5B,15,driver_antagonize,,medium,4,no,"Robust knockdown (z=-4.52, FDR=0.001) lowers the pro-inflammatory program, consistent with strong genetic association (0.81) and LoF constraint, and STAT5B is an sm_tractable TF with no existing drugs, supporting antagonism.","Top disease association is a rare monogenic immune dysregulation/growth hormone insensitivity syndrome rather than a common autoimmune indication, so genetics may reflect a distinct biology (STAT5B loss-of-function causing immune dysregulation) rather than direct support for pharmacologic inhibition in polygenic autoimmune disease; also TF antagonism is historically hard to drug despite 'sm_tractable' label.","novel - no existing drug; could build on JAK/STAT pathway inhibitor chemistry (e.g., JAK1/2 inhibitors like ruxolitinib act upstream) but no direct STAT5B-selective small molecule exists."
CTSH,31,driver_antagonize,antagonize,medium,4,yes,"Strong, significant knockdown-driven reduction of the pro-inflammatory program (z=-4.15, FDR=0.001) aligns with T1D genetic association (OT score 0.55) and enzyme tractability (sm_tractable), supporting antagonism of CTSH as a novel undrugged target.","Genetic association score (0.55) is moderate rather than definitive, and gene is not LoF-constrained, so loss-of-function tolerance/genetic support is not as strong as 'strong tier' label implies.","novel - no existing drug; cathepsin H is a cysteine protease, so structural analogs of other cathepsin inhibitors (e.g., odanacatib-like cathepsin K inhibitors) could inform small-molecule design."
SLC15A4,46,brake_agonize,agonize,medium,4,yes,"Knockdown raises the inflammatory program (signed z=3.85, FDR=0.004, high context-specificity) marking SLC15A4 as a brake; strong SLE genetics (OT=0.51) and sm_tractable transporter status support an agonist strategy, with no existing drugs.","SLC15A4 is best known as a driver of TLR7/9 endosomal signaling and NF-kB/IRF activation in lupus models, so a knockdown-raises-inflammation 'brake' call is biologically counterintuitive and warrants mechanistic validation before pursuing agonism.","novel - no existing drug; SLC15A4 small-molecule antagonists (e.g., VB-201/related PepT-family inhibitor programs explored for lupus) exist in early discovery but targeted antagonism, not agonism, suggesting a direction conflict to resolve."
ST8SIA4,140,driver_antagonize,antagonize,medium,4,yes,"Knockdown lowers the pro-inflammatory program (z=-3.29, FDR=0.032) marking ST8SIA4 a driver; SLE genetic association (0.41) and surface antibody-tractable modality support antagonism, though not LoF-constrained.","Genetics score (0.41) is only moderate for a 'strong' tier claim and gene is not LoF-constrained, so causal human-genetic support is softer than the screen signal suggests.","novel - no existing drug; ST8SIA4 (a polysialyltransferase) is undrugged, would require de novo antibody/biologic development against this surface glycosyltransferase target."
IL2RA,2,driver_antagonize,antagonize,medium,3,yes,"Strong significant knockdown-lowers-program signal (z=-5.52, FDR=0) plus clinical-precedent druggable surface receptor with 7 approved/advanced antagonist biologics support antagonizing IL2RA.","Top disease association is CD25 deficiency (immunodeficiency, a LOF phenotype), not a canonical autoimmune gain-of-function indication, so genetics support antagonism only indirectly and is not LoF-constrained-verified.","Repurpose existing IL2RA-targeting antibodies (e.g., basiliximab/daclizumab-class anti-CD25 biologics, already at max clinical stage 4) for autoimmune indications."
STAT6,11,brake_agonize,agonize,medium,3,yes,"Knockdown raises the pro-inflammatory program (signed_z 4.71, FDR 0.001) indicating STAT6 is a brake; strong genetics (0.73) and sm_tractable TF status support agonism, though no existing STAT6 agonist chemotype exists.","Top disease association is hyper-IgE syndrome (a primary immunodeficiency, not classic autoimmunity) and STAT6 is a TF, a historically hard-to-agonize class with small molecules despite sm_tractable label.","novel - no existing drug; STAT6 antagonists (dupilumab acts upstream via IL-4Rα) are in development for allergic disease, but a direct small-molecule STAT6 agonist would be novel and mechanistically distinct."
PTPN2,13,brake_agonize,agonize,medium,3,yes,"Knockdown strongly raises the pro-inflammatory program (signed z=5.04, FDR=0) marking PTPN2 a brake, consistent with known PTPN2 phosphatase suppression of TCR/cytokine signaling; RA genetics (0.48) and sm_tractable druggability support an agonist/enhancer strategy.","PTPN2 is a phosphatase whose activity is typically lost-of-function in disease (loss raises inflammation), so 'agonism' is mechanistically awkward for small molecules—stabilizers/activators are unconventional; also LoF_constrained=false and protein_class missing weaken confidence in a clean small-molecule activator strategy.","novel - no existing drug (n_existing_drugs=0); PTPN2 has been explored as a target for allosteric small-molecule activators (e.g., in oncology/immunology research, though none approved) - could build on early-stage PTPN2 activator chemical probes."
SIK2,19,brake_agonize,,medium,3,no,"Knockdown raises the pro-inflammatory program (signed_z=4.67, FDR=0.001) marking SIK2 as a brake, aligning with kinase druggability and asthma genetics (score 0.44) to support agonism/activation as a novel undrugged target.","Therapeutic direction implies SIK2 activation, but kinases are typically drugged as inhibitors (antagonists) — agonizing a kinase pharmacologically is mechanistically harder than inhibiting it, so 'druggable' tractability may not map cleanly onto the needed agonist mechanism; also genetics score (0.44) is only moderate despite being labeled 'strong' tier.","novel - no existing drug; existing SIK1/2/3 inhibitors (e.g., ARN-3236, HG-9-91-01) exist for the opposite (antagonist) direction, so an activator would require de novo discovery rather than repurposing."
TBX21,20,driver_antagonize,antagonize,medium,3,yes,"Strong, significant driver signal (z=-7.44, FDR=0) plus LoF-constrained genetics support antagonizing TBX21, but it is a hard-to-drug TF (no PPI/degrader precedent) with modest autoimmune-specific OT score (0.44).","Druggability layer contradicts the otherwise coherent causal/genetic case: TBX21 is a difficult TF with no existing drugs, so the directional hypothesis lacks a feasible modality.","novel - no existing drug; would require emerging TF-targeting modalities (molecular glue/degrader or PPI disruptor) analogous to efforts against other master-regulator TFs (e.g., STAT/RORC degrader programs)"
STAT1,23,driver_antagonize,antagonize,medium,3,yes,"Strong significant driver signal (z=-4.16, FDR=0.001) at Stim8hr aligns with genetic constraint and disease association (score 0.81), supporting antagonism, though tractability for TF is uncertain.","STAT1 is a transcription factor labeled sm_tractable but with no existing drugs (novel_undrugged) and low context_specificity (0.18), raising concern about achievable small-molecule antagonism and on-target selectivity; also top disease association is a rare primary immunodeficiency (CMC) rather than a common autoimmune indication, and STAT1 loss-of-function causes susceptibility to infection, so systemic antagonism carries safety risk.","JAK inhibitors (e.g., ruxolitinib, tofacitinib) act upstream of STAT1 phosphorylation and could be considered as an indirect repurposing route rather than direct STAT1 small-molecule inhibition, which remains novel/undrugged."
IL21R,27,driver_antagonize,antagonize,medium,3,yes,"Knockdown significantly lowers the pro-inflammatory program (z=-4.12, FDR=0.004) marking IL21R a driver, it is a surface catalytic receptor with existing antibody tractability, and no drugs yet exist to exploit this.","OT top/autoimmune disease association (0.74) is actually an infectious/immunodeficiency phenotype (cryptosporidiosis-cholangitis), not a classic autoimmune indication, so genetics support for autoimmune repurposing is indirect.","IL21R is targeted by clinical-stage anti-IL21R biologics (e.g., ATR-107/PF-05230900) developed for lupus/RA; could repurpose or reference that antagonist class despite dossier showing zero existing drugs."
CTH,30,brake_agonize,agonize,medium,3,yes,"CTH knockdown strongly raised the pro-inflammatory program (z=6.79, FDR=0), marking it a brake; it is small-molecule tractable, but genetics tie it mainly to cystathioninuria (0.72) not autoimmunity (AS score only 0.29), and no LoF constraint.","Top population-genetics signal is for a metabolic disease (cystathioninuria), not the autoimmune indication, so disease-relevance of agonizing CTH for inflammation is weakly supported despite the clean screen hit.","CTH (cystathionine gamma-lyase) is the H2S-producing enzyme targeted by NaHS/GYY4137 and other H2S-donor compounds explored for anti-inflammatory effects; an agonist/activator or H2S-donor strategy could build on this mechanism, though no approved drug exists."
BATF,39,driver_antagonize,antagonize,medium,3,yes,"Knockdown strongly and significantly (z=-4.54, FDR=0.001) lowers the pro-inflammatory program at peak stim, consistent with MS genetic association (score 0.35), but BATF is an undruggable TF with no existing drugs.","Strong causal driver signal and moderate genetics are undercut by poor druggability (TF, no small-molecule/degrader precedent) and lack of LoF constraint, limiting near-term therapeutic feasibility.","novel - no existing drug; would require emerging TF-targeting modalities (e.g., PROTAC/molecular glue degrader or PPI disruptor of BATF-JUN/IRF4 complex) rather than repurposing an approved agent"
MFSD6,42,driver_antagonize,antagonize,medium,3,yes,"Strong significant driver signal (z=-4.26, FDR=0.002) at Stim48hr aligns with ab-tractable surface modality and SLE genetic association (0.38), supporting antagonism as a novel undrugged target.","Top OT disease association is neurodegenerative disease (0.41), not the autoimmune indication (SLE, 0.38), and protein class is undefined (NaN), weakening confidence in mechanism/tractability alignment.","novel - no existing drug (0 drugs, undrugged); would require de novo antibody/biologic development against this surface target."
NEK6,45,driver_antagonize,,medium,3,no,"Strong significant driver signal (z=-4.09, FDR=0.002) plus kinase tractability support antagonism, but top genetics hit is skeletal (0.47) not autoimmune, with only moderate asthma linkage (0.43) and no LoF constraint.","Population genetics top association is skeletal abnormality, not autoimmune disease; autoimmune (asthma) score is only moderate (0.43) and gene is not LoF-constrained, weakening genetic support for an autoimmune indication.",novel - no existing drug (NEK-family kinase inhibitors are precedented as a class but none developed for NEK6 specifically)
DAGLB,51,driver_antagonize,antagonize,medium,3,yes,"Robust driver signal (z=-4.36, FDR=0.002) plus enzyme/small-molecule tractability support antagonism, but top genetic association is osteogenesis imperfecta (0.49) not autoimmune disease (UC only 0.38), weakening genetics coherence.","Strongest population-genetics signal is for a bone disorder (osteogenesis imperfecta) rather than the autoimmune indication, and LoF is not constrained, so disease-genetics support for an inflammatory hypothesis is only moderate.","novel - no existing drug; DAGLB is a diacylglycerol lipase, mechanistically related to endocannabinoid pathway enzymes (cf. investigational DAGL inhibitors) but no approved agents exist for this target."
STIM1,53,driver_antagonize,antagonize,medium,3,yes,"Knockdown significantly lowers the pro-inflammatory program (z=-3.68, FDR=0.009) supporting driver/antagonize, and STIM1 is LoF-constrained, small-molecule tractable, and clinically unaddressed (0 existing drugs).","Strong OT genetics is driven mainly by monogenic tubular aggregate myopathy and combined immunodeficiency (loss-of-function disease), not a common autoimmune GWAS signal, so antagonizing STIM1 (mimicking LoF) risks recapitulating immunodeficiency rather than treating autoimmunity.","STIM1/ORAI1 CRAC channel inhibitors (e.g., CRAC channel blockers like CM4620/Auxora) exist in development and could be leveraged, though none are approved yet."
ADAM19,57,brake_agonize,agonize,medium,3,yes,"Knockdown strongly raises the pro-inflammatory program (signed_z 5.64, FDR 0, good KD efficacy) marking ADAM19 a brake, and it is enzyme/ab_tractable/druggable, though genetics link most strongly to CAD (0.42) not autoimmunity (asthma 0.41).","Top population-genetics association is coronary artery disease, not an autoimmune/inflammatory indication, and the autoimmune (asthma) score is only modestly supportive with unclear directionality relative to agonism.","novel - no existing drug; ADAM19 is a metalloprotease (ADAM family), so repurposing could draw on broad-spectrum or selective ADAM/metalloprotease inhibitor chemotypes as a starting scaffold, though an agonist strategy for a protease is mechanistically unconventional and would likely require an activity-enhancing small molecule or alternative modality."
FADS1,66,driver_antagonize,,medium,3,no,"Robust driver signal (z=-3.78, FDR=0.004) with LoF constraint and sm_tractable druggability support antagonism, but top genetic association is neurodegenerative disease not autoimmune (asthma score only 0.36).","Strongest population-genetics signal is for neurodegenerative disease, not the autoimmune/inflammatory indication being targeted, weakening the disease-relevance link despite a clean screen phenotype.","novel - no existing drug; FADS1 (fatty acid desaturase, PUFA metabolism) is undrugged but small-molecule tractable, could build on lipid-pathway inhibitor chemotypes."
BRD1,70,driver_antagonize,antagonize,medium,3,yes,"Strong, significant knockdown-lowers-inflammation signal (z=-4.46, FDR=0.001) plus LoF constraint and small-molecule tractability support antagonizing this enzyme, though disease genetics are only moderate (AS score 0.15).","Population genetics support is weak-moderate (top autoimmune score only 0.15, top disease is synovium disorder not a classic autoimmune indication) despite a strong causal screen signal.","novel - no existing drug; BRD1 is a BRD/PHD-finger scaffold protein of MOZ/MORF HAT complexes, so bromodomain-inhibitor chemotypes (e.g., BET/BRD-family inhibitor scaffolds) could be repurposed as starting points."
TNFRSF1B,78,brake_agonize,agonize,medium,3,yes,"Knockdown raises the pro-inflammatory program (signed_z 4.44, FDR 0.001, strong knockdown efficacy) marking TNFRSF1B as a brake, and it's a surface receptor with antibody tractability suitable for agonist biologics.","Population genetics is strongest for hypothyroidism (0.41) not autoimmune inflammatory disease, and the autoimmune association (childhood asthma, 0.21) is weak, so disease-genetics support for an inflammatory indication is limited.","TNFRSF1B (TNFR2) agonism is an active class of interest (e.g., TNFR2 agonist biologics in preclinical/early development for Treg expansion in autoimmunity); no approved drugs yet - novel_undrugged per dossier."
PRKX,85,driver_antagonize,,medium,3,no,"Strong, significant knockdown-lowers-inflammation signal (z=-4.39, FDR=0.001) plus tractable kinase (PKA catalytic subunit, X-linked) support antagonism, but genetics is dominated by neurodegenerative disease (0.49) with only modest autoimmune score (0.33) and no LoF constraint.","Top Open Targets disease association is neurodegenerative disease, not autoimmune/inflammatory, weakening the genetics-screen concordance for this indication.","novel - no existing drug; could leverage existing PKA-family kinase inhibitor chemotypes (e.g., ATP-competitive small molecules) as a starting scaffold since PRKX is a PKA catalytic subunit paralog"
IRAK3,91,brake_agonize,,medium,3,no,"Knockdown of IRAK3 (pseudokinase brake on TLR/IL-1R signaling) raises the pro-inflammatory program (signed z=5.29, FDR=0, high context-specificity 0.89), implying agonism/stabilization would suppress inflammation, and it is a tractable kinase-class target with no existing drugs.","Population genetics is only moderate (OT autoimmune score 0.28, not LoF-constrained), so causal screen signal is not strongly corroborated by human disease genetics.","novel - no existing drug; IRAK3/IRAK-M is a pseudokinase, so classic ATP-competitive small-molecule agonism is mechanistically unusual and would likely require an allosteric stabilizer or protein-stability/degrader-inverse (stabilizing) approach rather than repurposing known IRAK4 inhibitors."
CBLB,100,brake_agonize,agonize,medium,3,yes,"CBLB knockdown raises the pro-inflammatory program (signed_z=3.26, FDR=0.016) marking it a brake, consistent with strong autoimmune genetics (MS score 0.4, LoF-constrained) and small-molecule tractability, but agonizing an E3-ligase-type negative regulator is mechanistically hard and undrugged.","Protein class is missing (NaN) despite being flagged sm_tractable, and there are zero existing drugs/clinical precedent, so druggability of an activator-type mechanism (agonism) for this modality is unverified.","novel - no existing drug; CBLB is a known immune checkpoint E3 ubiquitin ligase, analogous in concept to CBLB-targeted small-molecule inhibitors explored in oncology (immune activation), but here the desired direction (agonize/stabilize CBLB activity) is the opposite of oncology approaches and remains mechanistically novel for autoimmunity."
LITAF,105,driver_antagonize,,medium,3,no,"Robust knockdown (efficacy -31, FDR 0.01) lowers the pro-inflammatory program (z=-3.46), classifying LITAF as a driver, and it has ab-tractable structure plus IBD genetic support (0.42), favoring antagonism.","Top OT disease association is Charcot-Marie-Tooth (0.77, a neuropathy, not autoimmune) while the autoimmune/IBD score is only moderate (0.42), and suggested modality (surface antibody/biologic) is inconsistent with LITAF being an intracellular/lysosomal membrane protein, raising tractability doubts.","novel - no existing drug (n_existing_drugs=0, max_drug_stage null); would require de novo biologic or intracellular-targeting modality given LITAF's endosomal localization."
POLI,106,driver_antagonize,,medium,3,no,"Knockdown significantly lowers the pro-inflammatory program (z=-3.42, FDR=0.017, high context-specificity 0.86), consistent with driver/antagonize, and asthma genetics (score 0.45) plus sm_tractable status support a small-molecule inhibitor hypothesis.","Genetics is only moderate (score 0.45, not LoF-constrained) and protein_class is missing (NaN), so structural rationale for a translesion polymerase as a tractable small-molecule target is unconfirmed; low integrated rank (106) also suggests weaker overall support than top hits.",novel - no existing drug (POLI is an undrugged translesion DNA polymerase; no approved or investigational inhibitors identified)
DEF6,114,driver_antagonize,,medium,3,no,"Knockdown significantly lowers the pro-inflammatory program (z=-3.55, FDR=0.013) and strong OT genetics (0.69) directly implicate immunodeficiency-87/autoimmunity, supporting antagonism, though druggability is questionable.","DEF6 is a cytoplasmic guanine-nucleotide exchange factor (intracellular signaling adaptor), not a surface protein, so the layer3 'antibody/biologic (surface)' modality call is mechanistically implausible and protein_class is missing (NaN), undermining the ab_tractable/druggable flag.",novel - no existing drug; intracellular GEF target would likely require a small-molecule PPI inhibitor or degrader approach rather than the suggested antibody modality
FKBP5,135,brake_agonize,agonize,medium,3,yes,"Knockdown raises the pro-inflammatory program (signed z=3.56, FDR=0.013) marking FKBP5 a brake; small-molecule tractability supports agonism, though genetics is modest (autoimmune score 0.27) and unconstrained.","Genetics tier is labeled 'strong' but the top disease association is hypothyroidism (0.39), not the autoimmune indication (UC=0.27), and FKBP5 agonists are essentially unprecedented, so the mechanism-to-modality path is unproven.","FKBP5 is a known target of antagonists (e.g., SAFit2, selective FKBP5 ligands studied in psychiatric/stress contexts) but no agonist tool compounds exist, so agonism would be a novel modality direction rather than a repurposing opportunity."
CD69,141,driver_antagonize,,medium,3,no,"Knockdown lowers the pro-inflammatory program (z=-3.42, FDR=0.025) supporting driver/antagonize, and Hashimoto genetics (score 0.4) plus sm_tractable status align, but protein_class is missing and no LoF constraint data.","Genetics score is only moderate (0.4, tier labeled 'strong' but numerically modest) and CD69 is a C-type lectin receptor typically considered a marker/adhesion molecule rather than a classic small-molecule target, so 'sm_tractable' small-molecule modality is questionable despite the druggability flag; protein_class is NaN, undermining confidence in the structural assessment.","novel - no existing drug (n_existing_drugs=0, max_drug_stage=null); CD69 has no approved ligand-targeting agents, though anti-CD69 antibodies have been explored preclinically for autoimmune/allergic disease as an alternative modality to the suggested small molecule."
GPR55,164,driver_antagonize,antagonize,medium,3,yes,"Knockdown significantly lowers the pro-inflammatory program (z=-3.5, FDR=0.009) marking GPR55 a driver, and it is a tractable GPCR with no existing drugs, but genetic support for autoimmune disease is modest (score 0.26) and top hit (preeclampsia) is off-indication.","Strong causal screen signal is only weakly matched by population genetics: autoimmune association score (0.26) is modest and top disease association (preeclampsia, 0.28) is not autoimmune, so genetics does not strongly corroborate the inflammatory-driver hypothesis for this indication.","novel - no existing drug; GPR55 antagonists (e.g., CID16020046, ML193) have been explored preclinically as tool compounds and could be repurposed/optimized for immune indications."
